built	n	prop
3.5.0	521	0.7764530551415797
3.5.1	149	0.22205663189269748
3.5.2	1	0.0014903129657228018
