built	n	prop
3.5.0	419	0.8042226487523992
3.5.1	102	0.19577735124760076
